{"cameraMode":{"drawMode":0,"name":"Shaded","section":"Shading Mode"},"sceneLighting":true,"audioPlay":false,"sceneViewState":{"m_AlwaysRefresh":false,"showFog":true,"showSkybox":true,"showFlares":true,"showImageEffects":true,"showParticleSystems":true,"showVisualEffectGraphs":true,"m_FxEnabled":true},"in2DMode":false,"pivot":{"x":1.627057433128357,"y":-3.6746575832366945,"z":9.99603271484375},"rotation":{"x":-0.21593917906284333,"y":-0.07987258583307266,"z":0.017735041677951814,"w":-0.9729747176170349},"size":10.037108421325684,"orthographic":false}