{"cameraMode":{"drawMode":0,"name":"Shaded","section":"Shading Mode"},"sceneLighting":false,"audioPlay":false,"sceneViewState":{"m_AlwaysRefresh":false,"showFog":true,"showSkybox":false,"showFlares":true,"showImageEffects":true,"showParticleSystems":true,"showVisualEffectGraphs":true,"m_FxEnabled":true},"in2DMode":false,"pivot":{"x":-2.288761615753174,"y":0.5427018404006958,"z":-4.541976451873779},"rotation":{"x":-0.0016625456046313048,"y":-0.9980356693267822,"z":0.030259378254413606,"w":-0.05483995005488396},"size":0.8660253882408142,"orthographic":false}