{"cameraMode":{"drawMode":0,"name":"Shaded","section":"Shading Mode"},"sceneLighting":false,"audioPlay":false,"sceneViewState":{"m_AlwaysRefresh":false,"showFog":true,"showSkybox":false,"showFlares":true,"showImageEffects":true,"showParticleSystems":true,"showVisualEffectGraphs":true,"m_FxEnabled":true},"in2DMode":false,"pivot":{"x":-1.3849496841430665,"y":1.3445467948913575,"z":-5.601268768310547},"rotation":{"x":0.028925107792019845,"y":-0.9613983631134033,"z":-0.11123602092266083,"w":-0.24998901784420014},"size":1.4660251140594483,"orthographic":false}