{"cameraMode":{"drawMode":0,"name":"Shaded","section":"Shading Mode"},"sceneLighting":false,"audioPlay":false,"sceneViewState":{"m_AlwaysRefresh":false,"showFog":true,"showSkybox":false,"showFlares":true,"showImageEffects":true,"showParticleSystems":true,"showVisualEffectGraphs":true,"m_FxEnabled":true},"in2DMode":false,"pivot":{"x":-0.8261696100234985,"y":0.9540279507637024,"z":18.135019302368165},"rotation":{"x":0.10847801715135575,"y":-0.09469162672758103,"z":-0.010380636900663376,"w":-0.9895246028900147},"size":1.2664618492126465,"orthographic":false}