{"cameraMode":{"drawMode":0,"name":"Shaded","section":"Shading Mode"},"sceneLighting":false,"audioPlay":false,"sceneViewState":{"m_AlwaysRefresh":false,"showFog":true,"showSkybox":false,"showFlares":true,"showImageEffects":true,"showParticleSystems":true,"showVisualEffectGraphs":true,"m_FxEnabled":true},"in2DMode":false,"pivot":{"x":-1.4380253553390504,"y":0.757374107837677,"z":-3.9841103553771974},"rotation":{"x":0.13417142629623414,"y":0.15157680213451386,"z":0.020771939307451249,"w":-0.9790775179862976},"size":0.9371470808982849,"orthographic":false}